{
    "experiment_name": "Medium-Cap",
    "agent_type": "numeric",
    "best_value": 0.003941216486126295,
    "best_trial_number": 33,
    "best_hyperparameters": {
        "Learning rate": 0.0072252971345909064,
        "Batch size": 128,
        "Rollout steps": 2816,
        "Gamma": 0.9808761602671783,
        "GAE lambda": 0.9569102268142909,
        "Clip range": 0.24330636188599397,
        "Entropy coefficient": 1.1895982634836095e-07,
        "VF coefficient": 0.35513761478796224,
        "Max grad norm": 0.8303937212647076,
        "Epochs": 8
    },
    "n_trials": 50
}