{
    "experiment_name": "Large-Cap",
    "agent_type": "numeric",
    "best_value": 0.0,
    "best_trial_number": 12,
    "best_hyperparameters": {
        "Learning rate": 1.0426317556898562e-05,
        "Batch size": 128,
        "Rollout steps": 3072,
        "Gamma": 0.9936267929071911,
        "GAE lambda": 0.8024631572035075,
        "Clip range": 0.25003219244480845,
        "Entropy coefficient": 1.2492665661830034e-08,
        "VF coefficient": 0.3916052035670908,
        "Max grad norm": 0.9992862769690893,
        "Epochs": 16
    },
    "n_trials": 50
}